Network_no	Model_no	func_type	derrida_coeff	net_sen	final_hamming	fragility
0	0	IMR	1.4583333333333333	1.4583333333333333	2.218984375	1.9644637044270834
1	0	IMR	1.3489583333333333	1.3489583333333333	2.10546875	0.10546875
2	0	IMR	1.4635416666666667	1.4635416666666667	2.4562760416666665	2.0597696940104164
3	0	IMR	1.3125	1.3125	1.93798828125	1.93798828125
4	0	IMR	1.3854166666666667	1.3854166666666667	2.2164851888020833	1.9768880208333333
