Network_no	Model_no	func_type	derrida_coeff	net_sen	final_hamming	fragility
5	0	scNCF	1.0364583333333333	1.0364583333333333	0.8471614583333333	0.7692968749999999
6	0	scNCF	1.0677083333333333	1.0677083333333333	0.0	0.0
7	0	scNCF	1.0677083333333333	1.0677083333333333	1.1770833333333333	1.03125
8	0	scNCF	1.02734375	1.02734375	1.1953125	0.90234375
9	0	scNCF	1.078125	1.078125	1.1656901041666667	0.5480143229166666
