Network_no	Model_no	func_type	derrida_coeff	net_sen	final_hamming	fragility
0	0	BMR	0.9583333333333334	0.9583333333333334	0.5804036458333334	0.5804036458333334
1	0	BMR	1.1036931818181819	1.1510416666666667	0.5060369318181818	0.5060369318181818
2	0	BMR	0.6125	0.4622395833333333	0.6125	0.6125
3	0	BMR	1.0625	0.9479166666666666	1.0873579545454546	1.0873579545454546
4	0	BMR	1.015625	1.015625	0.20963541666666666	0.20963541666666666
